;id;gender;masterCategory;subCategory;articleType;baseColour;season;year;usage;productDisplayName;image;genderArticle
44;8580;Men;Apparel;Topwear;Waistcoat;Grey;Fall;2011.0;Casual;Scullers Men  Grey Waistcoat;8580.jpg;Men-Waistcoat
49;38402;Women;Accessories;Belts;Belts;Black;Summer;2012.0;Casual;Baggit Women Hood Dabang Black Belt;38402.jpg;Women-Belts
117;27846;Women;Apparel;Topwear;Blazers;Charcoal;Summer;2012.0;Formal;Scullers For Her Charcoal Blazer;27846.jpg;Women-Blazers
140;51455;Women;Apparel;Topwear;Shrug;Pink;Summer;2012.0;Casual;Tonga Women Pink Printed Shrug;51455.jpg;Women-Shrug
290;50573;Men;Apparel;Innerwear;Trunk;Charcoal;Summer;2016.0;Casual;Chromozome Men Charcoal Trunk Trunks;50573.jpg;Men-Trunk
449;6845;Unisex;Accessories;Shoe Accessories;Shoe Laces;Black;Summer;2011.0;Casual;Timberland Unisex Hiker Round Lace Shoe Accessories;6845.jpg;Unisex-Shoe Laces
499;55234;Women;Personal Care;Makeup;Foundation and Primer;Skin;Summer;2019.0;Casual;Lakme 9to5 Flawless Makeup Marble Foundation;55234.jpg;Women-Foundation and Primer
785;14893;Women;Accessories;Accessories;Travel Accessory;Blue;Summer;2011.0;Casual;United Colors of Benetton Women Solid Blue Bags;14893.jpg;Women-Travel Accessory
997;42417;Unisex;Accessories;Accessories;Messenger Bag;Purple;Summer;2012.0;Casual;American Tourister Unisex Purple Messenger Bag;42417.jpg;Unisex-Messenger Bag
1030;15370;Women;Apparel;Topwear;Sweatshirts;Pink;Fall;2011.0;Casual;Urban Yoga Women Solid Pink Sweatshirts;15370.jpg;Women-Sweatshirts
1072;48929;Women;Accessories;Jewellery;Ring;Silver;Fall;2012.0;Casual;Lucera Women Silver Ring;48929.jpg;Women-Ring
1161;55834;Women;Personal Care;Beauty Accessories;Beauty Accessory;Skin;Spring;2017.0;Casual;Colorbar Miss Reflective Body Shimmer 001;55834.jpg;Women-Beauty Accessory
1265;17878;Men;Apparel;Innerwear;Innerwear Vests;Maroon;Summer;2016.0;Casual;Levis Men Comfort Style Maroon Innerwear Vest;17878.jpg;Men-Innerwear Vests
1328;11347;Men;Apparel;Bottomwear;Jeans;Blue;Summer;2017.0;Casual;Lee Men Elvira Rinse Blue Chicago Fit Jeans;11347.jpg;Men-Jeans
1401;49890;Girls;Accessories;Watches;Watches;Blue;Winter;2016.0;Casual;Q&Q Kids Girls Blue Analog Watch;49890.jpg;Girls-Watches
1420;24656;Boys;Accessories;Socks;Socks;White;Fall;2011.0;Casual;ADIDAS Originals Boys White Pack of 3 Casual Socks;24656.jpg;Boys-Socks
1456;32165;Women;Accessories;Socks;Socks;Pink;Summer;2017.0;Casual;Playboy Women Playmate Pink Ankle Socks;32165.jpg;Women-Socks
1894;4773;Women;Apparel;Bottomwear;Capris;Blue;Summer;2011.0;Sports;ADIDAS Women 3S Blue Capri;4773.jpg;Women-Capris
2103;13475;Women;Footwear;Shoes;Flats;Brown;Winter;2014.0;Casual;Rocia Women Brown Flats;13475.jpg;Women-Flats
2283;51895;Women;Accessories;Wallets;Wallets;Brown;Summer;2016.0;Casual;Nyk Women Brown Wallet;51895.jpg;Women-Wallets
2301;41009;Girls;Apparel;Bottomwear;Jeans;Navy Blue;Summer;2012.0;Casual;Gini and Jony Girls Woven Navy Blue Jeans;41009.jpg;Girls-Jeans
2615;34062;Girls;Apparel;Dress;Dresses;Pink;Summer;2012.0;Casual;Gini and Jony Girls Printed Pink Dress;34062.jpg;Girls-Dresses
2644;31983;Men;Accessories;Bags;Laptop Bag;Black;Summer;2012.0;Casual;ADIDAS Men Black Bag;31983.jpg;Men-Laptop Bag
2659;23822;Men;Footwear;Flip Flops;Flip Flops;Red;Summer;2012.0;Casual;Puma Men Breeze Red Flip Flops;23822.jpg;Men-Flip Flops
2794;38297;Men;Accessories;Wallets;Wallets;Black;Summer;2012.0;Casual;Reid & Taylor Men Black Wallet;38297.jpg;Men-Wallets
3208;43957;Women;Footwear;Sandal;Sandals;Grey;Fall;2012.0;Casual;Puma Women Grey Techno Ind Sandals;43957.jpg;Women-Sandals
3467;52026;Unisex;Apparel;Topwear;Rain Jacket;Grey;Summer;2012.0;;Just Natural Unisex Grey Rain Jacket;52026.jpg;Unisex-Rain Jacket
3581;16951;Men;Accessories;Eyewear;Sunglasses;Black;Winter;2016.0;Casual;Image Men Classic Eyewear Black Sunglasses;16951.jpg;Men-Sunglasses
3726;27427;Women;Apparel;Loungewear and Nightwear;Lounge Shorts;Purple;Winter;2015.0;Casual;Jockey Women Purple Lounge Shorts 1308;27427.jpg;Women-Lounge Shorts
3979;52473;Women;Apparel;Loungewear and Nightwear;Bath Robe;White;Summer;2017.0;Casual;Red Rose Women Pink & White Bath Robes;52473.jpg;Women-Bath Robe
4158;42615;Women;Accessories;Jewellery;Jewellery Set;Gold;Winter;2016.0;Casual;Estelle Women Earrings & Pendant Set;42615.jpg;Women-Jewellery Set
4316;4327;Unisex;Apparel;Topwear;Tshirts;Blue;Summer;2011.0;Casual;Tantra Kid's Unisex Cute Mom Turqoise Kidswear;4327.jpg;Unisex-Tshirts
4402;33279;Unisex;Apparel;Bottomwear;Jeans;Blue;Summer;2012.0;Casual;Gini and Jony Kids Unisex Blue Jeans;33279.jpg;Unisex-Jeans
4537;50383;Women;Apparel;Bottomwear;Salwar and Dupatta;Red;Summer;2012.0;Ethnic;Vishudh Women Printed Red Salwar and Dupatta;50383.jpg;Women-Salwar and Dupatta
4814;39320;Boys;Apparel;Bottomwear;Shorts;Navy Blue;Summer;2012.0;Casual;Gini and Jony Boys Navy Blue Shorts;39320.jpg;Boys-Shorts
4823;54982;Women;Apparel;Loungewear and Nightwear;Lounge Pants;Blue;Summer;2017.0;Casual;Femella Women Printed Blue Lounge Pants;54982.jpg;Women-Lounge Pants
4846;21589;Women;Apparel;Bottomwear;Swimwear;Black;Summer;2011.0;Sports;Nabaiji Women Solid Black Swimsuit;21589.jpg;Women-Swimwear
4880;6673;Men;Footwear;Shoes;Sports Shoes;White;Summer;2011.0;Sports;Nike Men's Air Pegasus 27 White Grey Shoe;6673.jpg;Men-Sports Shoes
4894;40771;Men;Accessories;Headwear;Caps;Blue;Summer;2012.0;Casual;Quiksilver Men Blue Firsty Roundtails Cap;40771.jpg;Men-Caps
4908;17640;Unisex;Accessories;Headwear;Headband;Black;Fall;2013.0;Sports;Puma Unisex Cat Black Headband;17640.jpg;Unisex-Headband
5000;39927;Unisex;Accessories;Bags;Tablet Sleeve;Blue;Winter;2012.0;Casual;Tortoise Unisex Blue Tablet Sleeve;39927.jpg;Unisex-Tablet Sleeve
5260;51294;Boys;Accessories;Eyewear;Sunglasses;Black;Fall;2012.0;Casual;Hop Scotch Boys Black Sunglasses;51294.jpg;Boys-Sunglasses
5275;22554;Unisex;Personal Care;Fragrance;Deodorant;Silver;Spring;2017.0;Casual;Reebok Unisex Reekick Deo;22554.jpg;Unisex-Deodorant
5432;34258;Men;Apparel;Bottomwear;Tracksuits;Navy Blue;Summer;2013.0;Sports;Proline Men Navy Tracksuit;34258.jpg;Men-Tracksuits
5760;6150;Unisex;Footwear;Shoes;Sports Shoes;Silver;Summer;2011.0;Sports;Puma Unisex Tornado Silver Navy Shoes;6150.jpg;Unisex-Sports Shoes
6194;47270;Men;Apparel;Innerwear;Boxers;Blue;Summer;2016.0;Casual;FCUK Underwear Blue Printed Boxers;47270.jpg;Men-Boxers
6781;48807;Men;Accessories;Jewellery;Pendant;Steel;Summer;2012.0;Casual;Revv Men Steel Pendant;48807.jpg;Men-Pendant
6880;14724;Unisex;Accessories;Mufflers;Mufflers;Black;Fall;2011.0;Casual;Scullers Unisex Casual Muffler Black Mufflers;14724.jpg;Unisex-Mufflers
7019;30723;Boys;Apparel;Topwear;Kurtas;Blue;Summer;2012.0;Ethnic;Fabindia Boys Printed Blue Kurta;30723.jpg;Boys-Kurtas
7045;33152;Girls;Apparel;Topwear;Tops;Green;Summer;2012.0;Casual;Gini and Jony Girls Printed Green Top;33152.jpg;Girls-Tops
7084;57625;Unisex;Personal Care;Skin Care;Sunscreen;Orange;Spring;2017.0;Casual;Lotus Herbals Kids Sun Block Cream;57625.jpg;Unisex-Sunscreen
7166;18176;Boys;Apparel;Topwear;Sweatshirts;Green;Fall;2011.0;Casual;Doodle Kids-Boys Flap 02 Green Sweatshirt;18176.jpg;Boys-Sweatshirts
7197;57884;Women;Personal Care;Skin;Mask and Peel;White;Spring;2017.0;Casual;Biotique Bio Pistachio Face Pack;57884.jpg;Women-Mask and Peel
7348;57622;Men;Personal Care;Skin Care;Sunscreen;White;Spring;2017.0;;Lotus Herbals Safe Sun Sunscreen for Men;57622.jpg;Men-Sunscreen
7620;42935;Men;Accessories;Bags;Handbags;Khaki;Summer;2012.0;Casual;French Connection Men Khaki Handbag;42935.jpg;Men-Handbags
7622;54850;Women;Accessories;Jewellery;Necklace and Chains;Gold;Summer;2013.0;Casual;Ivory Tag Women Swirling Jazz Golden Coloured Necklace;54850.jpg;Women-Necklace and Chains
7634;1584;Unisex;Apparel;Topwear;Jackets;White;Summer;2011.0;Casual;Domyos Unisex Feather-light Jacket;1584.jpg;Unisex-Jackets
7636;57614;Women;Personal Care;Skin Care;Sunscreen;Orange;Spring;2017.0;Casual;Lotus Herbals Extreme Sun Block Sunscreen;57614.jpg;Women-Sunscreen
7751;10771;Girls;Footwear;Shoes;Casual Shoes;Red;Winter;2012.0;Casual;Disney Kids Red Casual Shoes;10771.jpg;Girls-Casual Shoes
7838;37537;Boys;Apparel;Socks;Booties;Yellow;Summer;2012.0;Casual;Madagascar 3 Infant Boys Yellow Booties;37537.jpg;Boys-Booties
7986;30715;Boys;Apparel;Apparel Set;Kurta Sets;Blue;Summer;2012.0;Ethnic;Fabindia Boys Blue & Green Angarakha Dhoti Set;30715.jpg;Boys-Kurta Sets
8384;25861;Unisex;Accessories;Bags;Laptop Bag;Black;Winter;2015.0;Casual;American Tourister Unisex Black Laptop Bag;25861.jpg;Unisex-Laptop Bag
8458;14984;Men;Apparel;Topwear;Sweatshirts;Black;Fall;2011.0;Sports;ADIDAS Men Real Madrid Black Sweatshirts;14984.jpg;Men-Sweatshirts
8632;30776;Men;Apparel;Topwear;Kurtis;Maroon;Summer;2012.0;Ethnic;Fabindia Men Maroon Ajrak Printed Kurti;30776.jpg;Men-Kurtis
8679;56138;Women;Personal Care;Makeup;Eyeshadow;Pink;Spring;2017.0;Casual;Colorbar Expensive Pink Eye Shadow 005;56138.jpg;Women-Eyeshadow
8768;58600;Women;Accessories;Accessories;Hair Accessory;Pink;Winter;2016.0;Casual;ToniQ Women Pink Hair Accessories;58600.jpg;Women-Hair Accessory
8958;7610;Men;Accessories;Bags;Messenger Bag;Brown;Summer;2011.0;Casual;Wrangler Men Chocolate Canvas Bag;7610.jpg;Men-Messenger Bag
9078;47088;Boys;Footwear;Flip Flops;Flip Flops;Blue;Winter;2013.0;Casual;Kids Ville Boys Blue Flip Flops;47088.jpg;Boys-Flip Flops
9827;30714;Boys;Apparel;Bottomwear;Churidar;White;Summer;2012.0;Ethnic;Fabindia Boys White Churidar;30714.jpg;Boys-Churidar
9834;17136;Women;Accessories;Bags;Handbags;Black;Winter;2015.0;Casual;Lino Perros Women Flower Black Handbag;17136.jpg;Women-Handbags
9915;49717;Men;Free Items;Free Gifts;Ties;Black;Summer;2012.0;Formal;Park Avenue Black & Red Checked Tie;49717.jpg;Men-Ties
9979;9340;Women;Apparel;Topwear;Tops;Black;Fall;2011.0;Casual;Puma Women blink blink Black Tops;9340.jpg;Women-Tops
10117;53073;Women;Accessories;Bags;Clutches;Brown;Summer;2012.0;Casual;Rocia Women Brown Clutch;53073.jpg;Women-Clutches
10340;27905;Women;Apparel;Bottomwear;Trousers;Black;Summer;2012.0;Casual;Scullers For Her Black Trousers;27905.jpg;Women-Trousers
10371;57418;Women;Apparel;Loungewear and Nightwear;Robe;Black;Winter;2015.0;Casual;Amante Black Robe;57418.jpg;Women-Robe
10610;40009;Men;Apparel;Topwear;Tunics;Green;Fall;2012.0;Casual;Park Avenue Men Black & Green Frame Sunglasses;40009.jpg;Men-Tunics
10814;55517;Unisex;Personal Care;Hair;Hair Colour;Black;Spring;2017.0;Casual;Revlon Top Speed Natural Black Hair Colour Natural Black 70;55517.jpg;Unisex-Hair Colour
11008;3826;Unisex;Footwear;Sandal;Sandals;Red;Summer;2011.0;Casual;Crocs Unisex Crocband Red Sandal;3826.jpg;Unisex-Sandals
11237;36067;Unisex;Accessories;Bags;Handbags;Green;Winter;2012.0;Casual;OTLS Green Tote Bag;36067.jpg;Unisex-Handbags
11402;4646;Men;Footwear;Sandal;Sports Sandals;Grey;Spring;2013.0;Casual;ADIDAS Men Grey and Navy Blue Sandal;4646.jpg;Men-Sports Sandals
11446;38767;Girls;Apparel;Bottomwear;Shorts;Pink;Summer;2012.0;Casual;Gini and Jony Girls Pink Shorts;38767.jpg;Girls-Shorts
11474;23579;Women;Personal Care;Fragrance;Fragrance Gift Set;White;Spring;2017.0;Casual;Nike Women Pack of 3 Fragrance Gift Set;23579.jpg;Women-Fragrance Gift Set
11498;49152;Women;Personal Care;Lips;Lip Liner;Copper;Spring;2017.0;;Deborah Extra Lip Liner 05;49152.jpg;Women-Lip Liner
11947;37514;Boys;Apparel;Bottomwear;Leggings;Yellow;Summer;2012.0;Casual;Madagascar3 Infant Boys Lemon Yellow Leggings;37514.jpg;Boys-Leggings
12230;40826;Unisex;Home;Home Furnishing;Cushion Covers;Yellow;Fall;2012.0;Home;Swayam Unisex Yellow and Orange Cushion Covers (Set of 2);40826.jpg;Unisex-Cushion Covers
12331;23583;Women;Personal Care;Fragrance;Deodorant;Pink;Spring;2017.0;Casual;Nike Fragrances Women Trendy Deo;23583.jpg;Women-Deodorant
12830;37540;Boys;Accessories;Gloves;Gloves;Yellow;Summer;2012.0;Casual;Madagascar 3 Infant Boys Yellow Mittens;37540.jpg;Boys-Gloves
13018;51594;Women;Apparel;Bottomwear;Jeggings;Blue;Summer;2012.0;Casual;Wrangler Women Blue Jeggings;51594.jpg;Women-Jeggings
13054;20990;Unisex;Accessories;Belts;Belts;Olive;Winter;2016.0;Casual;Fastrack Unisex Polyester Olive Belt;20990.jpg;Unisex-Belts
13137;28751;Women;Apparel;Topwear;Kurtas;Blue;Summer;2012.0;Ethnic;Aurelia Women Printed Blue Kurta;28751.jpg;Women-Kurtas
13248;30753;Men;Apparel;Topwear;Kurtas;Blue;Summer;2012.0;Ethnic;Fabindia Men Blue Kurta;30753.jpg;Men-Kurtas
13397;42942;Men;Accessories;Belts;Belts;Black;Summer;2012.0;Casual;French Connection Men Black Tobacco Belt;42942.jpg;Men-Belts
13687;56546;Women;Personal Care;Makeup;Makeup Remover;White;Spring;2017.0;;Streetwear Makeup Remover;56546.jpg;Women-Makeup Remover
13919;38757;Men;Accessories;Bags;Waist Pouch;Black;Summer;2012.0;Casual;Nike Men Black Training Waist Pouch;38757.jpg;Men-Waist Pouch
14084;1555;Unisex;Accessories;Water Bottle;Water Bottle;Purple;Fall;2010.0;Sports;Quechua Red Sipper;1555.jpg;Unisex-Water Bottle
14383;23585;Men;Personal Care;Fragrance;Perfume and Body Mist;Silver;Spring;2017.0;Casual;Nike Fragrances Men Up or Down Perfume;23585.jpg;Men-Perfume and Body Mist
14489;30730;Girls;Apparel;Bottomwear;Salwar;Purple;Summer;2012.0;Ethnic;Fabindia Girls Printed Purple Salwar;30730.jpg;Girls-Salwar
14507;1552;Unisex;Sporting Goods;Sports Equipment;Footballs;White;Fall;2010.0;Sports;Puma Power Cat Trainer-WR Football;1552.jpg;Unisex-Footballs
14581;24566;Women;Apparel;Topwear;Tshirts;Grey;Summer;2012.0;Casual;Lee Women Carren Grey T-shirt;24566.jpg;Women-Tshirts
14604;58213;Women;Apparel;Bottomwear;Patiala;Red;Fall;2012.0;Ethnic;Shree Women Red Printed Patiala;58213.jpg;Women-Patiala
14714;23578;Unisex;Personal Care;Fragrance;Fragrance Gift Set;Black;Spring;2017.0;Casual;Nike Unisex Set of 3 Fragrance Gift Set;23578.jpg;Unisex-Fragrance Gift Set
14862;45567;Men;Personal Care;Fragrance;Deodorant;Black;Spring;2017.0;Casual;Playboy Men Black Malibu Deo;45567.jpg;Men-Deodorant
14874;3465;Unisex;Apparel;Apparel Set;Swimwear;Black;Fall;2010.0;Sports;ADIDAS Unisex Black White Swimming Cap;3465.jpg;Unisex-Swimwear
14978;59564;Men;Accessories;Cufflinks;Cufflinks;Steel;Summer;2012.0;Casual;Revv Men Steel Cufflinks;59564.jpg;Men-Cufflinks
15095;37524;Boys;Apparel;Topwear;Rompers;Blue;Summer;2012.0;Casual;Madagascar3 Infant Boys Light Blue Snapsuit Romper;37524.jpg;Boys-Rompers
15205;42583;Boys;Apparel;Topwear;Waistcoat;Navy Blue;Summer;2012.0;Casual;United Colors of Benetton Boys Navy Blue Waistcoat;42583.jpg;Boys-Waistcoat
15238;57607;Women;Personal Care;Skin Care;Toner;Green;Spring;2017.0;;Lotus Herbals Basiltone Toner;57607.jpg;Women-Toner
15279;18903;Unisex;Accessories;Gloves;Gloves;Black;Summer;2011.0;Casual;ADIDAS Originals Unisex AC Striped Black Gloves;18903.jpg;Unisex-Gloves
15378;36200;Boys;Apparel;Topwear;Jackets;Red;Summer;2012.0;Casual;Gini Jony Boys Printed Red Jacket;36200.jpg;Boys-Jackets
15645;55331;Women;Personal Care;Hair;Hair Colour;Brown;Spring;2017.0;Casual;Revlon Women Color Silk Dark Mahogany Brown Hair Colour 3RB;55331.jpg;Women-Hair Colour
15684;38993;Boys;Apparel;Bottomwear;Jeans;Blue;Summer;2012.0;Casual;Gini and Jony Boys Rodeo Blue Jeans;38993.jpg;Boys-Jeans
15766;29029;Unisex;Accessories;Headwear;Caps;Navy Blue;Fall;2014.0;Casual;ADIDAS Unisex Corps Navy Blue Cap;29029.jpg;Unisex-Caps
15815;37577;Girls;Accessories;Gloves;Gloves;Pink;Summer;2012.0;Casual;Madagascar 3 Infants Girl Pink Mittens;37577.jpg;Girls-Gloves
16306;59733;Women;Apparel;Innerwear;Shapewear;Pink;Summer;2014.0;Casual;Avirate Pink Wired Corset Shapewear;59733.jpg;Women-Shapewear
16316;9754;Women;Apparel;Bottomwear;Track Pants;Black;Fall;2011.0;Casual;ADIDAS Women Ess Mf Yoga Black Pants;9754.jpg;Women-Track Pants
16667;34308;Women;Accessories;Stoles;Stoles;Black;Summer;2012.0;Ethnic;Fabindia Women Black Silk & Wool Stole;34308.jpg;Women-Stoles
16825;31161;Boys;Apparel;Topwear;Blazers;Navy Blue;Summer;2012.0;Casual;Gini and Jony Boys Printed Navy Blue Blazer;31161.jpg;Boys-Blazers
16871;36512;Men;Accessories;Bags;Backpacks;Black;Summer;2012.0;Casual;United Colors of Benetton Men Black Backpack;36512.jpg;Men-Backpacks
17040;47549;Women;Footwear;Shoes;Heels;Gold;Winter;2012.0;Casual;Portia Women Gold Heels;47549.jpg;Women-Heels
17095;8364;Girls;Apparel;Topwear;Tshirts;Blue;Fall;2011.0;Casual;Doodle Girl's Happy Smiles Blue Pink Kidswear;8364.jpg;Girls-Tshirts
17183;51077;Women;Free Items;Free Gifts;Free Gifts;Yellow;Summer;2012.0;Ethnic;Satya Paul Yellow Saree;51077.jpg;Women-Free Gifts
17254;55281;Women;Personal Care;Makeup;Highlighter and Blush;Pink;Spring;2017.0;Casual;Lakme Cheek Chromatic Baked Blusher;55281.jpg;Women-Highlighter and Blush
17293;15797;Men;Apparel;Innerwear;Briefs;White;Summer;2016.0;Casual;Facit Men White Comfort Briefs;15797.jpg;Men-Briefs
17679;55071;Women;Personal Care;Eyes;Mascara;Black;Spring;2017.0;Casual;Lakme Women Absolute Flutter Secrets Dramatic Eyes Mascara B004;55071.jpg;Women-Mascara
17834;6835;Unisex;Accessories;Shoe Accessories;Shoe Accessories;Black;Summer;2011.0;;Timberland Unisex Max 2 Shine Black Shoe Accessories;6835.jpg;Unisex-Shoe Accessories
17847;38223;Women;Accessories;Cufflinks;Ties and Cufflinks;Black;Summer;2015.0;Casual;Polaroid Women Sunglasses;38223.jpg;Women-Ties and Cufflinks
17942;39108;Girls;Accessories;Headwear;Caps;Blue;Summer;2012.0;Sports;ADIDAS Mumbai Indians Girls Blue Match Cap;39108.jpg;Girls-Caps
18431;42066;Unisex;Accessories;Accessories;Key chain;Black;Summer;2012.0;Casual;American Tourister Unisex Black Key Case;42066.jpg;Unisex-Key chain
18601;36745;Girls;Apparel;Apparel Set;Clothing Set;Red;Summer;2012.0;Casual;Little Miss Girls Sunshine Red Clothing Set;36745.jpg;Girls-Clothing Set
18661;42059;Unisex;Accessories;Bags;Mobile Pouch;Red;Summer;2015.0;Casual;American Tourister Unisex Red Camera Bag;42059.jpg;Unisex-Mobile Pouch
18742;38284;Boys;Apparel;Topwear;Tshirts;Green;Summer;2012.0;Casual;Marvel Boys Green Printed T-shirt;38284.jpg;Boys-Tshirts
18743;14872;Women;Accessories;Umbrellas;Umbrellas;Blue;Summer;2011.0;Casual;United Colors of Benetton Women Printed Blue Umbrellas;14872.jpg;Women-Umbrellas
18774;17636;Unisex;Accessories;Scarves;Scarves;Purple;Fall;2011.0;Casual;Puma Unisex Graphic Purple Scarf;17636.jpg;Unisex-Scarves
18976;40738;Unisex;Footwear;Flip Flops;Flip Flops;Navy Blue;Summer;2012.0;Casual;Converse Unisex Navy Blue Flip Flops;40738.jpg;Unisex-Flip Flops
19023;59271;Women;Accessories;Watches;Watches;Steel;Winter;2016.0;Casual;Titan Women Steel Watch;59271.jpg;Women-Watches
19092;44962;Men;Free Items;Free Gifts;Free Gifts;Black;Winter;2016.0;Casual;Maxima Men Black Watch;44962.jpg;Men-Free Gifts
19199;52003;Women;Apparel;Loungewear and Nightwear;Lounge Tshirts;Black;Summer;2016.0;Casual;Inaya Women Black Lounge Top;52003.jpg;Women-Lounge Tshirts
19699;53380;Unisex;Footwear;Sandal;Sports Sandals;Black;Summer;2012.0;Casual;Puma Unisex Black Sandals;53380.jpg;Unisex-Sports Sandals
19802;43916;Women;Apparel;Bottomwear;Shorts;Yellow;Summer;2012.0;Casual;Femella Women Yellow Shorts;43916.jpg;Women-Shorts
20112;47125;Boys;Footwear;Shoes;Casual Shoes;Blue;Fall;2012.0;Casual;Marvel Boys Blue Web Spider Shoes;47125.jpg;Boys-Casual Shoes
20159;39107;Boys;Accessories;Headwear;Caps;Blue;Summer;2012.0;Sports;ADIDAS Mumbai Indians Boys Blue Match Cap;39107.jpg;Boys-Caps
20230;48732;Men;Accessories;Jewellery;Bangle;Steel;Summer;2012.0;Casual;Revv Men Steel Bangle;48732.jpg;Men-Bangle
20240;38445;Women;Accessories;Bags;Tablet Sleeve;Black;Summer;2012.0;Casual;Baggit Women Black I-Pad Cover;38445.jpg;Women-Tablet Sleeve
20766;20220;Men;Apparel;Topwear;Sweaters;Navy Blue;Fall;2011.0;Casual;Wrangler Men Rib Navy Sweater;20220.jpg;Men-Sweaters
20957;2633;Men;Footwear;Shoes;Heels;Black;Summer;2010.0;Smart Casual;Carlton London Men Black Leather Casual Shoes.;2633.jpg;Men-Heels
21055;26974;Women;Apparel;Dress;Dresses;Pink;Summer;2012.0;Casual;Jealous 21 Women Pink Printed Dress;26974.jpg;Women-Dresses
21245;43721;Women;Accessories;Jewellery;Bangle;Gold;Summer;2012.0;Casual;Royal Diadem Set of 2 Golden Bangles;43721.jpg;Women-Bangle
22683;34057;Boys;Apparel;Bottomwear;Capris;Blue;Summer;2012.0;Casual;Gini and Jony Boys Washed Blue 3/4 Length Pants;34057.jpg;Boys-Capris
22732;41004;Girls;Apparel;Bottomwear;Skirts;Navy Blue;Summer;2012.0;Casual;Gini and Jony Girls Woven Navy Blue Skirts;41004.jpg;Girls-Skirts
22779;41236;Girls;Apparel;Bottomwear;Capris;Black;Summer;2012.0;Casual;Gini and Jony Kids Girls Black Capris;41236.jpg;Girls-Capris
22877;39121;Women;Apparel;Bottomwear;Leggings;Pink;Fall;2012.0;Casual;Aneri Women Pink Leggings;39121.jpg;Women-Leggings
23403;32533;Men;Personal Care;Fragrance;Fragrance Gift Set;Black;Spring;2017.0;Casual;Playboy Men Hollywood Fragrance Gift Set;32533.jpg;Men-Fragrance Gift Set
24036;52816;Men;Accessories;Watches;Watches;Black;Winter;2016.0;Casual;Morellato Men Black Watch;52816.jpg;Men-Watches
24049;19544;Men;Accessories;Gloves;Gloves;Green;Fall;2011.0;Casual;United Colors of Benetton Men Solid Green Gloves;19544.jpg;Men-Gloves
24156;59851;Women;Personal Care;Skin;Face Serum and Gel;White;Spring;2017.0;Casual;Olay Women White Radiance Intensive Brightening Serum;59851.jpg;Women-Face Serum and Gel
24166;51200;Women;Apparel;Innerwear;Bra;Pink;Summer;2017.0;Casual;Enamor Women Pink Bra;51200.jpg;Women-Bra
24213;20051;Women;Accessories;Mufflers;Mufflers;Blue;Fall;2011.0;Casual;United Colors Of Benetton Women Blue Muffler;20051.jpg;Women-Mufflers
24256;34035;Boys;Apparel;Topwear;Shirts;Navy Blue;Summer;2012.0;Casual;Gini and Jony Boys Check Navy Blue Shirt;34035.jpg;Boys-Shirts
24357;52478;Women;Apparel;Loungewear and Nightwear;Baby Dolls;Red;Winter;2015.0;Casual;Red Rose Red Nightdress;52478.jpg;Women-Baby Dolls
24443;26156;Men;Apparel;Bottomwear;Trousers;Brown;Summer;2012.0;Formal;John Miller Men Striped Brown Trousers;26156.jpg;Men-Trousers
24526;19915;Unisex;Accessories;Bags;Waist Pouch;Pink;Winter;2015.0;Casual;Wildcraft Unisex Pink Waist Pouch;19915.jpg;Unisex-Waist Pouch
24532;31743;Men;Apparel;Topwear;Blazers;Olive;Summer;2012.0;Formal;Reid & Taylor Men Semi Formal Olive Blazer;31743.jpg;Men-Blazers
24555;57763;Women;Personal Care;Skin Care;Face Scrub and Exfoliator;Cream;Spring;2017.0;;Lotus Herbals Apriscrub;57763.jpg;Women-Face Scrub and Exfoliator
24667;13619;Women;Apparel;Innerwear;Innerwear Vests;White;Winter;2015.0;Casual;Hanes Women Short Sleeve White Innerwear T-shirt;13619.jpg;Women-Innerwear Vests
24771;48575;Men;Accessories;Jewellery;Bracelet;Steel;Summer;2012.0;Casual;Revv Men Steel Bracelet;48575.jpg;Men-Bracelet
24856;42084;Unisex;Accessories;Wallets;Wallets;Brown;Summer;2015.0;Casual;American Tourister Unisex Brown Passport Holder;42084.jpg;Unisex-Wallets
24944;23611;Women;Personal Care;Fragrance;Perfume and Body Mist;Pink;Spring;2017.0;Casual;Nike Fragrances Women Paradise Perfume;23611.jpg;Women-Perfume and Body Mist
24979;34494;Women;Apparel;Bottomwear;Skirts;Black;Summer;2012.0;Formal;Van Heusen Woman Black Skirt;34494.jpg;Women-Skirts
25026;57397;Women;Apparel;Innerwear;Briefs;Pink;Winter;2015.0;Casual;Amante Women Pink Briefs PGDI03;57397.jpg;Women-Briefs
25308;13448;Women;Apparel;Topwear;Shirts;Pink;Summer;2011.0;Casual;United Colors of Benetton Women Solid Pink Shirts;13448.jpg;Women-Shirts
25388;31720;Girls;Accessories;Jewellery;Earrings;Silver;Summer;2012.0;Ethnic;Fabindia Girls Anusuya Silver Earrings;31720.jpg;Girls-Earrings
25407;57700;Women;Personal Care;Skin;Face Moisturisers;White;Spring;2017.0;;Lotus Herbals Papayablem Anti-Blemish Creme;57700.jpg;Women-Face Moisturisers
25458;40743;Women;Accessories;Headwear;Caps;Pink;Winter;2012.0;Casual;Roxy Women Pink Cap;40743.jpg;Women-Caps
25471;42828;Unisex;Sporting Goods;Wristbands;Wristbands;Red;Summer;2012.0;Sports;Nike Unisex Swoosh Red Wristbands;42828.jpg;Unisex-Wristbands
26125;15928;Unisex;Accessories;Accessories;Travel Accessory;Black;Fall;2011.0;Casual;ADIDAS Unisex Org City Corp Black Bag;15928.jpg;Unisex-Travel Accessory
26166;23482;Men;Free Items;Free Gifts;Scarves;Black;Summer;2012.0;Casual;Arrow Men Black & White Scarf;23482.jpg;Men-Scarves
26210;57731;Women;Personal Care;Lips;Lip Care;Rose;Spring;2017.0;;Lotus Herbals Velvety Rose Lip Balm;57731.jpg;Women-Lip Care
26497;22709;Women;Footwear;Shoes;Sports Shoes;White;Fall;2011.0;Sports;Nike Women White Air Dictate MSL Sports Shoes;22709.jpg;Women-Sports Shoes
26706;57765;Women;Personal Care;Skin Care;Face Wash and Cleanser;White;Spring;2017.0;Casual;Lotus Herbals Apricot Scrub;57765.jpg;Women-Face Wash and Cleanser
26716;13627;Men;Apparel;Loungewear and Nightwear;Lounge Shorts;Blue;Summer;2016.0;Casual;Hanes Men Knitted Blue Shorts;13627.jpg;Men-Lounge Shorts
26875;44375;Women;Apparel;Topwear;Waistcoat;Blue;Summer;2012.0;Casual;ONLY Women Blue Waistcoat;44375.jpg;Women-Waistcoat
26977;46046;Women;Accessories;Jewellery;Earrings;Gold;Winter;2016.0;Casual;Estelle Women Gold Earrings;46046.jpg;Women-Earrings
27216;52470;Women;Apparel;Innerwear;Camisoles;White;Winter;2015.0;Casual;Red Rose White Camisole;52470.jpg;Women-Camisoles
27358;6427;Unisex;Footwear;Shoes;Casual Shoes;Purple;Summer;2011.0;Casual;Lotto Unisex Canvas Purple Shoe;6427.jpg;Unisex-Casual Shoes
27584;15344;Women;Apparel;Bottomwear;Tracksuits;Black;Fall;2011.0;Sports;Nike Women Solid Black Tracksuits;15344.jpg;Women-Tracksuits
27780;14122;Women;Apparel;Bottomwear;Jeans;Blue;Fall;2011.0;Casual;Flying Machine Women Washed Blue Jeans;14122.jpg;Women-Jeans
27829;16023;Men;Apparel;Topwear;Shirts;Grey;Fall;2011.0;Casual;Highlander Men Stripes Grey Slim Fit Shirt;16023.jpg;Men-Shirts
28065;4008;Unisex;Sporting Goods;Sports Equipment;Basketballs;Yellow;Summer;2011.0;Sports;Spalding Unisex Ochre Yellow Basketball;4008.jpg;Unisex-Basketballs
28104;4666;Unisex;Accessories;Watches;Watches;Black;Winter;2016.0;Sports;ADIDAS Unisex Response Galaxy Black Watch;4666.jpg;Unisex-Watches
28145;17330;Women;Accessories;Eyewear;Sunglasses;Black;Winter;2016.0;Casual;Pepe Jeans Women Casual Sunglasses;17330.jpg;Women-Sunglasses
28167;15467;Men;Apparel;Bottomwear;Shorts;Black;Fall;2011.0;Casual;Puma Men Logo Bermuda Black Shorts;15467.jpg;Men-Shorts
28326;59777;Women;Accessories;Jewellery;Bracelet;Gold;Winter;2016.0;Casual;Estelle Women Gold Bracelet;59777.jpg;Women-Bracelet
28480;37533;Boys;Apparel;Innerwear;Innerwear Vests;Yellow;Summer;2012.0;Casual;Madagascar3 Boys Yellow Innerwear Vest;37533.jpg;Boys-Innerwear Vests
28866;34721;Girls;Apparel;Bottomwear;Trousers;Black;Summer;2012.0;Casual;Allen Solly Kids Girls Twill Black Trousers;34721.jpg;Girls-Trousers
29177;28771;Women;Apparel;Topwear;Kurtis;Green;Summer;2012.0;Ethnic;Aurelia Women Printed Green Kurti;28771.jpg;Women-Kurtis
29428;21253;Unisex;Accessories;Bags;Duffel Bag;Brown;Fall;2011.0;Casual;Skybags Unisex Brown Duffle Bag;21253.jpg;Unisex-Duffel Bag
29616;57811;Women;Apparel;Dress;Jumpsuit;Purple;Fall;2012.0;Casual;United Colors of Benetton Women Purple  Jumpsuit;57811.jpg;Women-Jumpsuit
29654;30742;Men;Apparel;Topwear;Nehru Jackets;Blue;Summer;2012.0;Ethnic;Fabindia Men Striped Blue Silk Sleeveless Jacket;30742.jpg;Men-Nehru Jackets
29740;49128;Women;Personal Care;Makeup;Concealer;Beige;Spring;2017.0;Casual;Deborah Light Beige  24 Ore Perfect Concealer 01;49128.jpg;Women-Concealer
30161;55541;Women;Personal Care;Makeup;Kajal and Eyeliner;Black;Spring;2017.0;Casual;Revlon Colorstay Black Eyeliner;55541.jpg;Women-Kajal and Eyeliner
30210;25058;Men;Accessories;Accessories;Accessory Gift Set;Blue;Winter;2015.0;Formal;Lino Perros Men Formal Blue Accessory Gift Set;25058.jpg;Men-Accessory Gift Set
30434;50662;Men;Apparel;Loungewear and Nightwear;Lounge Pants;Navy Blue;Summer;2016.0;Sports;Chromozome Men Navy Blue Lounge Pants;50662.jpg;Men-Lounge Pants
30460;57681;Women;Personal Care;Bath and Body;Body Lotion;Cream;Spring;2017.0;;Lotus Herbals Cherry Bliss Body Lotion;57681.jpg;Women-Body Lotion
30556;3473;Men;Accessories;Accessories;Water Bottle;Black;Fall;2010.0;Casual;ADIDAS Black Sipper;3473.jpg;Men-Water Bottle
30591;28985;Women;Apparel;Apparel Set;Kurta Sets;White;Summer;2012.0;Ethnic;Biba Outlet Women White & Green Printed Churidar Kurta with Dupatta;28985.jpg;Women-Kurta Sets
30632;26675;Women;Footwear;Flip Flops;Flip Flops;Black;Summer;2012.0;Casual;Puma Women Stawberry Black Flip Flops;26675.jpg;Women-Flip Flops
30633;12440;Unisex;Accessories;Headwear;Hat;Black;Fall;2011.0;Casual;Timberland Unisex Casual Black Skull Caps;12440.jpg;Unisex-Hat
30776;17931;Men;Apparel;Bottomwear;Tights;Black;Summer;2012.0;Sports;Nike Men Training Black Tights;17931.jpg;Men-Tights
31375;53617;Unisex;Free Items;Free Gifts;Free Gifts;Black;Winter;2016.0;Casual;Q&Q Unisex Black Digital Watch;53617.jpg;Unisex-Free Gifts
31383;56365;Men;Personal Care;Skin Care;Mens Grooming Kit;Gold;Spring;2017.0;Casual;Baldessarini Men Strictly Private 90 ml After Shave Lotion;56365.jpg;Men-Mens Grooming Kit
31632;53046;Women;Apparel;Saree;Sarees;Multi;Fall;2012.0;Ethnic;FNF Multi Coloured Printed Sari;53046.jpg;Women-Sarees
31644;30726;Girls;Apparel;Topwear;Lehenga Choli;Blue;Summer;2012.0;Ethnic;Fabindia Girls Printed Blue Lehenga Choli;30726.jpg;Girls-Lehenga Choli
31671;18528;Boys;Accessories;Watches;Watches;Green;Winter;2016.0;Casual;Chhota Bheem Kids-Boys Green Digital Pop Watch;18528.jpg;Boys-Watches
31868;55980;Women;Personal Care;Lips;Lipstick;Brown;Spring;2017.0;Casual;Colorbar Velvet Dark Brown Matte Bare Lipstick 58 BR;55980.jpg;Women-Lipstick
31896;34943;Women;Apparel;Topwear;Dupatta;Cream;Summer;2012.0;Ethnic;Fabindia Printed Cream Cotton Silk Dupatta;34943.jpg;Women-Dupatta
31956;51910;Women;Accessories;Bags;Laptop Bag;Lavender;Summer;2016.0;Casual;Nyk Women Lavender Orchid Laptop Bag;51910.jpg;Women-Laptop Bag
32068;36218;Girls;Apparel;Bottomwear;Leggings;Pink;Summer;2012.0;Casual;Gini Jony Girls Pink Leggings;36218.jpg;Girls-Leggings
32429;2366;Girls;Accessories;Bags;Backpacks;Black;Winter;2010.0;Sports;ADIDAS Black Girls Backpack;2366.jpg;Girls-Backpacks
32512;2702;Girls;Apparel;Topwear;Shirts;Blue;Summer;2011.0;Casual;Disney Kids Girl's Blue Check Kidswear Shirt;2702.jpg;Girls-Shirts
32614;37550;Girls;Apparel;Socks;Booties;Green;Summer;2012.0;Casual;Madagascar 3 Infant Girls Light Green Booties;37550.jpg;Girls-Booties
32980;35209;Women;Accessories;Bags;Backpacks;Pink;Spring;2013.0;Casual;Wildcraft Women Pink & Grey Backpack;35209.jpg;Women-Backpacks
32988;17965;Women;Footwear;Sandal;Sports Sandals;Black;Fall;2011.0;Casual;Puma Women Black Sandal;17965.jpg;Women-Sports Sandals
33007;37906;Unisex;Personal Care;Fragrance;Perfume and Body Mist;Gold;Spring;2017.0;Casual;RNC Unisex Fraiche Perfume;37906.jpg;Unisex-Perfume and Body Mist
33171;37561;Girls;Apparel;Topwear;Rompers;Pink;Summer;2012.0;Casual;Madagascar3 Infant Girls Pink Snapsuit Romper;37561.jpg;Girls-Rompers
33630;11876;Men;Footwear;Sandal;Sandals;Black;Summer;2012.0;Casual;Franco Leone Men Casual Black Sandals;11876.jpg;Men-Sandals
33825;51332;Men;Apparel;Bottomwear;Rain Trousers;Black;Summer;2015.0;;Wildcraft Men Black Rain Trousers;51332.jpg;Men-Rain Trousers
34106;37586;Girls;Apparel;Innerwear;Innerwear Vests;Pink;Summer;2012.0;Casual;Madagascar Girls Pink Innerwear Vest;37586.jpg;Girls-Innerwear Vests
35221;56181;Women;Personal Care;Makeup;Compact;Skin;Spring;2017.0;Casual;Colorbar Triple Act Bisque Compact 006;56181.jpg;Women-Compact
35280;52377;Women;Apparel;Loungewear and Nightwear;Nightdress;Pink;Winter;2015.0;Casual;Red Rose Women Pink Nightdress;52377.jpg;Women-Nightdress
35310;22232;Men;Accessories;Shoe Accessories;Shoe Accessories;Brown;Fall;2012.0;;Timberland Men Brown Shoe Laces;22232.jpg;Men-Shoe Accessories
35545;57892;Women;Personal Care;Skin Care;Eye Cream;Beige;Spring;2017.0;Casual;Biotique Women Bio Almond Eye Cream;57892.jpg;Women-Eye Cream
35604;44016;Men;Personal Care;Bath and Body;Body Wash and Scrub;Silver;Spring;2017.0;Casual;BOSS Men Selection Shower Gel;44016.jpg;Men-Body Wash and Scrub
35668;2584;Unisex;Apparel;Bottomwear;Track Pants;Black;Fall;2010.0;Sports;Kalenji Unisex Tight Black Track Pant;2584.jpg;Unisex-Track Pants
36057;55351;Women;Personal Care;Bath and Body;Nail Essentials;Purple;Spring;2017.0;Casual;Revlon Extra Gentle Nail Polish Remover;55351.jpg;Women-Nail Essentials
36179;34553;Women;Accessories;Bags;Duffel Bag;Green;Summer;2012.0;Casual;Puma Women Campus Grip Green Duffle Bag;34553.jpg;Women-Duffel Bag
36231;47055;Women;Apparel;Bottomwear;Salwar;Brown;Summer;2012.0;Ethnic;Shree Women Brown Jodhpuri Salwar;47055.jpg;Women-Salwar
36257;38964;Unisex;Accessories;Bags;Rucksacks;Red;Summer;2015.0;Travel;Wildcraft Unisex Red Rucksack;38964.jpg;Unisex-Rucksacks
36761;8224;Men;Accessories;Bags;Duffel Bag;Black;Winter;2016.0;Casual;Fastrack Men Black Gym Bag;8224.jpg;Men-Duffel Bag
36762;49103;Women;Personal Care;Lips;Lip Plumper;Copper;Spring;2017.0;Casual;Deborah Chocolate Volume Lip Plumper 05;49103.jpg;Women-Lip Plumper
36790;12895;Boys;Footwear;Shoes;Sports Shoes;Black;Fall;2012.0;Sports;Puma Boys Black Furure Cat Remix Sports Shoes;12895.jpg;Boys-Sports Shoes
37011;59505;Women;Accessories;Jewellery;Pendant;Silver;Fall;2012.0;Casual;Lucera Silver Pendant With Chain;59505.jpg;Women-Pendant
37206;11246;Unisex;Apparel;Topwear;Sweatshirts;Grey;Fall;2011.0;Sports;Urban Yoga Unisex Solid Grey Sweatshirts;11246.jpg;Unisex-Sweatshirts
37376;55935;Women;Personal Care;Nails;Nail Polish;Mauve;Spring;2017.0;Casual;Colorbar Dusky Mauve Nail Lacquer 27;55935.jpg;Women-Nail Polish
37636;14599;Women;Apparel;Bottomwear;Stockings;Black;Summer;2011.0;Casual;United Colors of Benetton Women Solid Black Stockings;14599.jpg;Women-Stockings
37735;20555;Women;Accessories;Bags;Mobile Pouch;Green;Winter;2015.0;Casual;Baggit Women Auxi Hoor Green Mobile Pouch;20555.jpg;Women-Mobile Pouch
37778;12463;Men;Accessories;Stoles;Stoles;Blue;Fall;2011.0;Casual;Basics Men Blue Checked Stoles;12463.jpg;Men-Stoles
37860;30539;Unisex;Accessories;Socks;Socks;Black;Summer;2012.0;Sports;Nike Unisex Sports Black Socks;30539.jpg;Unisex-Socks
37974;36408;Men;Accessories;Socks;Socks;Navy Blue;Summer;2016.0;Casual;Reid & Taylor Men Navy Blue Socks;36408.jpg;Men-Socks
38050;30734;Men;Apparel;Bottomwear;Churidar;White;Summer;2012.0;Ethnic;Fabindia Men White Churidar;30734.jpg;Men-Churidar
38223;59103;Men;Apparel;Topwear;Rain Jacket;Olive;Summer;2012.0;Casual;Just Natural Men Military Shade Rain Jacket;59103.jpg;Men-Rain Jacket
38682;29041;Men;Apparel;Bottomwear;Track Pants;Navy Blue;Summer;2012.0;Sports;ADIDAS Men Navy Blue Track Pants;29041.jpg;Men-Track Pants
38918;42065;Unisex;Accessories;Bags;Trolley Bag;Black;Summer;2012.0;Casual;American Tourister Unisex Black Trolley Bag;42065.jpg;Unisex-Trolley Bag
39372;35554;Girls;Footwear;Sandal;Sandals;Pink;Summer;2012.0;Casual;Enroute Teens Pink Sandals;35554.jpg;Girls-Sandals
39500;19331;Women;Apparel;Topwear;Jackets;Navy Blue;Fall;2011.0;Casual;United Colors of Benetton Women Solid Navy Blue Jacket;19331.jpg;Women-Jackets
39600;30825;Women;Apparel;Bottomwear;Churidar;Magenta;Summer;2012.0;Ethnic;Fabindia Women Magenta Mangalgiri Churidar;30825.jpg;Women-Churidar
39723;23251;Men;Footwear;Shoes;Formal Shoes;Black;Fall;2011.0;Formal;Arrow Men Formal Black Shoe;23251.jpg;Men-Formal Shoes
40000;12347;Men;Apparel;Topwear;Suits;Red;Winter;2010.0;Casual;Fastrack Men Red Manhattan Regular Fit Solid Formal Shirt;12347.jpg;Men-Suits
40085;28478;Women;Apparel;Topwear;Tunics;Red;Summer;2012.0;Casual;Urban Yoga Women Printed Red Tunic;28478.jpg;Women-Tunics
40171;24870;Men;Accessories;Mufflers;Mufflers;Brown;Fall;2011.0;Casual;Reid & Taylor Men Brown Muffler;24870.jpg;Men-Mufflers
40403;39753;Boys;Apparel;Bottomwear;Trousers;Khaki;Summer;2012.0;Casual;Gini Jony Boys Khaki Trousers;39753.jpg;Boys-Trousers
40617;20225;Women;Apparel;Topwear;Sweaters;Red;Fall;2011.0;Casual;Wrangler Women Felt Red Sweater;20225.jpg;Women-Sweaters
40720;56269;Men;Apparel;Loungewear and Nightwear;Night suits;Maroon;Summer;2016.0;Casual;SDL by Sweet Dreams Men Maroon Pyjama Set;56269.jpg;Men-Night suits
40969;48962;Men;Accessories;Jewellery;Ring;Steel;Summer;2013.0;Casual;Revv Men Steel Ring;48962.jpg;Men-Ring
41009;56099;Women;Personal Care;Lips;Lip Gloss;Brown;Spring;2017.0;Casual;Colorbar Star Tiramisu Lip Gloss 05;56099.jpg;Women-Lip Gloss
41029;25933;Women;Accessories;Scarves;Scarves;Brown;Summer;2012.0;Casual;Femella Women Brown Scarf;25933.jpg;Women-Scarves
41095;38220;Unisex;Accessories;Eyewear;Sunglasses;Black;Winter;2016.0;Casual;Polaroid Unisex Sunglasses;38220.jpg;Unisex-Sunglasses
41347;47118;Boys;Footwear;Sandal;Sandals;Red;Spring;2013.0;Casual;Marvel Boys Red Spiderman Clogs;47118.jpg;Boys-Sandals
41427;37895;Women;Apparel;Bottomwear;Tights;Multi;Summer;2012.0;Casual;Happy Socks Women Striped Tights;37895.jpg;Women-Tights
42193;19339;Men;Apparel;Topwear;Jackets;Black;Fall;2011.0;Casual;United Colors of Benetton Men Solid Black Jacket;19339.jpg;Men-Jackets
42583;6609;Men;Apparel;Topwear;Tops;White;Summer;2011.0;Casual;Spykar Men's Stripes White Top;6609.jpg;Men-Tops
42641;46850;Girls;Footwear;Flip Flops;Flip Flops;Blue;Fall;2012.0;Casual;Barbie Girls Blue Flip Flops;46850.jpg;Girls-Flip Flops
42690;55823;Women;Apparel;Loungewear and Nightwear;Night suits;Pink;Summer;2017.0;Casual;SDL by Sweet Dreams Women Pink Printed Night Suit S11-3240;55823.jpg;Women-Night suits
42774;7717;Women;Footwear;Shoes;Casual Shoes;White;Fall;2011.0;Casual;Puma Women Soleil Stud White Shadow Purple Shoe;7717.jpg;Women-Casual Shoes
42800;36747;Boys;Apparel;Apparel Set;Clothing Set;White;Summer;2012.0;Casual;Mr.Men Boys I Am Sleeping White Clothing Set;36747.jpg;Boys-Clothing Set
43161;45824;Women;Free Items;Vouchers;Ipad;Blue;Summer;2012.0;Casual;Senorita Women Blue Flats;45824.jpg;Women-Ipad
43174;23804;Men;Footwear;Shoes;Casual Shoes;Black;Fall;2012.0;Casual;Puma Men Black Wirko Shoes;23804.jpg;Men-Casual Shoes
43420;59672;Women;Apparel;Topwear;Lehenga Choli;Brown;Fall;2012.0;Ethnic;FNF Brown & Gold Bridal Collection Lehenga Choli;59672.jpg;Women-Lehenga Choli
43646;19169;Men;Apparel;Topwear;Tshirts;Blue;Summer;2011.0;Casual;United Colors of Benetton Men Printed Blue TShirt;19169.jpg;Men-Tshirts
43708;25767;Men;Apparel;Topwear;Suspenders;Black;Summer;2012.0;Formal;Lino Perros Men Black Suspenders;25767.jpg;Men-Suspenders
43836;35198;Unisex;Accessories;Bags;Backpacks;Blue;Spring;2013.0;Casual;Wildcraft Unisex Blue & Black Backpack;35198.jpg;Unisex-Backpacks
44213;51278;Girls;Accessories;Eyewear;Sunglasses;Pink;Fall;2012.0;Casual;Hop Scotch Girls Pink Sunglasses;51278.jpg;Girls-Sunglasses
